area,class,sail,name,type
Cornfield Point,Class 1 PHRF - NS,USA 41437,Celebration (II),Tripp 37
Cornfield Point,Class 1 PHRF - NS,USA 25567,Iris,Sabre 426
Cornfield Point,Class 2 PHRF - DH,USA 0037,Chikara,Cal 28-2
Cornfield Point,Class 2 PHRF - DH,USA 84,Triton,Tartan 34-2
Cornfield Point,Class 3 PHRF,USA 35,Bonne Santé,Jeanneau 350
Cornfield Point,Class 3 PHRF,USA 1937,Golden-Eye,Rhodes
Cornfield Point,Class 3 PHRF,USA 20684,NemO,Tartan 30
Cornfield Point,Class 3 PHRF,USA 67,Pazuzu,Seascape 27
Cornfield Point,Class 3 PHRF,USA 138,Roo,C&C 33-2
Cornfield Point,Class 3 PHRF,USA 60141,Veronique,Beneteau First 345
Seaflower Reef,Class 4 PHRF - DH,USA 52386,Eclipse,Sabre 386
Seaflower Reef,Class 4 PHRF - DH,USA 40819,First Rate,Tartan 34-2
Seaflower Reef,Class 4 PHRF - DH,USA 22,Velocity2,J/99
Seaflower Reef,Class 5 PHRF,USA 42979,Sapphire,J 35
Seaflower Reef,Class 5 PHRF,USA 2608,Scorpios,GP26
Seaflower Reef,Class 5 PHRF,USA 20802,Shooting Star,Peterson 34
Seaflower Reef,Class 5 PHRF,USA 007,Skyfall,C&C 99
Vineyard,Class 7 ORC - DH,USA 61668,Eventyr,J/99
Vineyard,Class 7 ORC - DH,USA 326,SLEEPER YCC,J/105
Vineyard,Class 7 ORC - DH,USA 15833,Stratos,Sun Fast 3300
Vineyard,Class 6 PHRF - DH,USA 25559,Abilyn,J 120
Vineyard,Class 6 PHRF - DH,USA 075,Halve Maen,Tartan 33
Vineyard,Class 6 PHRF - DH,USA 61565,Liberty,Pogo 36
Vineyard,Class 6 PHRF - DH,USA 511,Midnight Rider - PMP Strategy,J/30
Vineyard,Class 6 PHRF - DH,USA 167,Save the Sound,J/99
Vineyard,Class 6 PHRF - DH,USA 37,Sunny Side,J/109
Vineyard,Class 6 PHRF - DH,USA 146,Young American,J 105
Vineyard,Class 8 PHRF,USA 1543,ARGOS,Dufour 44
Vineyard,Class 8 PHRF,USA 114,Cathexis,X-382
Vineyard,Class 8 PHRF,USA 61764,Condor,Bowman Corsair
Vineyard,Class 8 PHRF,USA 52361,Frequent Flyer,Beneteau First 36.7
Vineyard,Class 8 PHRF,USA 169,Little Texas YCC,J/105 SD
Vineyard,Class 8 PHRF,USA 56,Tacktile,Sabre 42 CB
Vineyard,Class 8 PHRF,USA 52524,Yankee Boy,Swan 411
Vineyard,Class 10 PHRF,USA 261,Growth Spurt,J/109
Vineyard,Class 10 PHRF,USA 168,Quicksilver,J/109
Vineyard,Class 10 PHRF,USA 93310,The Rover,Swan 44 MkII
Vineyard,Class 10 PHRF,USA 24,Thin Man,J/99
Vineyard,Class 10 PHRF,USA 319,Velocita,J/109
Vineyard,Class 10 PHRF,USA 19,VICITAN YCC,Figaro 2
Vineyard,Class 9 ORC,USA 44022,Blue Skies,Alden Skye
Vineyard,Class 9 ORC,ITA 2277,Christopher Dragon XII,Italia 11.98
Vineyard,Class 9 ORC,USA 30,Expresso,X-37
Vineyard,Class 9 ORC,USA 26,Groupe 5,Mod. Figaro 2
Vineyard,Class 9 ORC,USA 108,Imagine,X-382
Vineyard,Class 9 ORC,USA 61183,In Theory,JPK 1080
Vineyard,Class 9 ORC,USA 52238,Ragana,Cape Fear 38R
Vineyard,Class 11 ORC,USA 58133,ASSARAIN IV,J 133
Vineyard,Class 11 ORC,USA 27,Della Aurora,XR41
Vineyard,Class 11 ORC,USA 61666,Jungleland,J/111
Vineyard,Class 11 ORC,GBR 5598T,Kenai,J/44
Vineyard,Class 11 ORC,USA 61220,Loki,J/122
Vineyard,Class 11 ORC,USA 61132,Rumba,J/133
Vineyard,Class 11 ORC,USA 52556,Surface Tension,Beneteau First 44.7
Vineyard,Class 11 ORC,USA 51442,Xcellent,X-442
Vineyard,Class 12 PHRF,USA 43968,Alibi,J/120
Vineyard,Class 12 PHRF,USA 46650,Charlotte,J/120
Vineyard,Class 12 PHRF,USA 51445,DUET,J/120
Vineyard,Class 12 PHRF,USA 51709,Hamburg II,J 46
Vineyard,Class 12 PHRF,USA 38007,Lioness,Sydney 38
Vineyard,Class 12 PHRF,USA 83293,Madison,J/120
Vineyard,Class 12 PHRF,USA 52762,Pincoya,Finngulf 46
Vineyard,Class 12 PHRF,USA 59916,Speck,J/120
Vineyard,Class 12 PHRF,USA 008,Summer Storm-Clemson Tigers,J/111
Vineyard,Class 12 PHRF,USA 12,The Roost,J/111
Vineyard,Class 13 ORC,USA 4900,Cougar,J/160
Vineyard,Class 13 ORC,USA 61121,Eagle,J/121
Vineyard,Class 13 ORC,USA 56600,El Diablo,Bolt 37
Vineyard,Class 13 ORC,USA 45454,Gemini II,Swan 45
Vineyard,Class 13 ORC,USA 7065,Good News,J/125
Vineyard,Class 13 ORC,USA 61124,Habiru,J 121
Vineyard,Class 13 ORC,USA 435,Ohana,Arcona 435 MkII
Vineyard,Class 13 ORC,USA 60711,Phantom,Xp 44
Vineyard,Class 15 ORC,USA 61804,Katsu,RP 45
Vineyard,Class 15 ORC,USA 45045,Pterodactyl,custom
Vineyard,Class 15 ORC,USA 8008,Rikki,R/P 42
Vineyard,Class 14 PHRF,USA 75050,Max,Pogo 50
Vineyard,Class 14 PHRF,USA 61180,Moneyball,MAT 1180
Vineyard,Class 14 PHRF,USA 51990,Oakcliff Farr 40 Blue,Farr 40 Turbo
Vineyard,Class 14 PHRF,USA 46597,Oakcliff Farr 40 Red,Farr 40 Turbo
Vineyard,Class 16 Multihull,USA 12,Dreadknot,Gunboat 62
